{
  "project_info": {
    "project_number": "640730176262",
    "firebase_url": "https://fitness-mania-4b551.firebaseio.com",
    "project_id": "fitness-mania-4b551",
    "storage_bucket": "fitness-mania-4b551.appspot.com"
  },
  "client": [
    {
      "client_info": {
        "mobilesdk_app_id": "1:640730176262:android:61de46278a41cdf7469c87",
        "android_client_info": {
          "package_name": "com.lpucapstone.fitnessmania"
        }
      },
      "oauth_client": [
        {
          "client_id": "640730176262-raquqml39k81g3s1jh2ge7ep6n54nofg.apps.googleusercontent.com",
          "client_type": 1,
          "android_info": {
            "package_name": "com.lpucapstone.fitnessmania",
            "certificate_hash": "8027ae01970f6c7f947741f78ea4f646e5ffff08"
          }
        },
        {
          "client_id": "640730176262-3k95r09dlsaeq42fl6qi24iic8eg3fdo.apps.googleusercontent.com",
          "client_type": 3
        }
      ],
      "api_key": [
        {
          "current_key": "AIzaSyDjvpO_g8z-qeHWGePD2iQ_MD83dwTHFMA"
        }
      ],
      "services": {
        "appinvite_service": {
          "other_platform_oauth_client": [
            {
              "client_id": "640730176262-3k95r09dlsaeq42fl6qi24iic8eg3fdo.apps.googleusercontent.com",
              "client_type": 3
            }
          ]
        }
      }
    }
  ],
  "configuration_version": "1"
}